,Unnamed: 0,Survived,Pclass,Sex,SibSp,Parch,Embarked,Initial,Initial_test,Age_band,Family_Size,Alone,Fare_cat
0,0,0,3,male,1,0,0,0,Mr,1,1,0,0
1,1,1,1,female,1,0,1,1,Mrs,2,1,0,3
2,2,1,3,female,0,0,0,2,Miss,1,0,1,1
3,3,1,1,female,1,0,0,1,Mrs,2,1,0,3
4,4,0,3,male,0,0,0,0,Mr,2,0,1,1
5,5,0,3,male,0,0,2,0,Mr,2,0,1,1
6,6,0,1,male,0,0,0,0,Mr,3,0,1,3
7,7,0,3,male,3,1,0,3,Master,0,4,0,2
8,8,1,3,female,0,2,0,1,Mrs,1,2,0,1
9,9,1,2,female,1,0,1,1,Mrs,0,1,0,2
10,10,1,3,female,1,1,0,2,Miss,0,2,0,2
11,11,1,1,female,0,0,0,2,Miss,3,0,1,2
12,12,0,3,male,0,0,0,0,Mr,1,0,1,1
13,13,0,3,male,1,5,0,0,Mr,2,6,0,3
14,14,0,3,female,0,0,0,2,Miss,0,0,1,0
15,15,1,2,female,0,0,0,1,Mrs,3,0,1,2
16,16,0,3,male,4,1,2,3,Master,0,5,0,2
17,17,1,2,male,0,0,0,0,Mr,2,0,1,1
18,18,0,3,female,1,0,0,1,Mrs,1,1,0,2
19,19,1,3,female,0,0,1,1,Mrs,2,0,1,0
20,20,0,2,male,0,0,0,0,Mr,2,0,1,2
21,21,1,2,male,0,0,0,0,Mr,2,0,1,1
22,22,1,3,female,0,0,2,2,Miss,0,0,1,1
23,23,1,1,male,0,0,0,0,Mr,1,0,1,3
24,24,0,3,female,3,1,0,2,Miss,0,4,0,2
25,25,1,3,female,1,5,0,1,Mrs,2,6,0,3
26,26,0,3,male,0,0,1,0,Mr,2,0,1,0
27,27,0,1,male,3,2,0,0,Mr,1,5,0,3
28,28,1,3,female,0,0,2,2,Miss,1,0,1,0
29,29,0,3,male,0,0,0,0,Mr,2,0,1,0
30,30,0,1,male,0,0,1,0,Don,2,0,1,2
31,31,1,1,female,1,0,1,1,Mrs,2,1,0,3
32,32,1,3,female,0,0,2,2,Miss,1,0,1,0
33,33,0,2,male,0,0,0,0,Mr,4,0,1,1
34,34,0,1,male,1,0,1,0,Mr,1,1,0,3
35,35,0,1,male,1,0,0,0,Mr,2,1,0,3
36,36,1,3,male,0,0,1,0,Mr,2,0,1,0
37,37,0,3,male,0,0,0,0,Mr,1,0,1,1
38,38,0,3,female,2,0,0,2,Miss,1,2,0,2
39,39,1,3,female,1,0,1,2,Miss,0,1,0,1
40,40,0,3,female,1,0,0,1,Mrs,2,1,0,1
41,41,0,2,female,1,0,0,1,Mrs,1,1,0,2
42,42,0,3,male,0,0,1,0,Mr,2,0,1,0
43,43,1,2,female,1,2,1,2,Miss,0,3,0,3
44,44,1,3,female,0,0,2,2,Miss,1,0,1,0
45,45,0,3,male,0,0,0,0,Mr,2,0,1,1
46,46,0,3,male,1,0,2,0,Mr,2,1,0,2
47,47,1,3,female,0,0,2,2,Miss,1,0,1,0
48,48,0,3,male,2,0,1,0,Mr,2,2,0,2
49,49,0,3,female,1,0,0,1,Mrs,1,1,0,2
50,50,0,3,male,4,1,0,3,Master,0,5,0,3
51,51,0,3,male,0,0,0,0,Mr,1,0,1,0
52,52,1,1,female,1,0,1,1,Mrs,3,1,0,3
53,53,1,2,female,1,0,0,1,Mrs,1,1,0,2
54,54,0,1,male,0,1,1,0,Mr,4,1,0,3
55,55,1,1,male,0,0,0,0,Mr,2,0,1,3
56,56,1,2,female,0,0,0,2,Miss,1,0,1,1
57,57,0,3,male,0,0,1,0,Mr,1,0,1,0
58,58,1,2,female,1,2,0,2,Miss,0,3,0,2
59,59,0,3,male,5,2,0,3,Master,0,7,0,3
60,60,0,3,male,0,0,1,0,Mr,1,0,1,0
61,61,1,1,female,0,0,0,2,Miss,2,0,1,3
62,62,0,1,male,1,0,0,0,Mr,2,1,0,3
63,63,0,3,male,3,2,0,3,Master,0,5,0,2
64,64,0,1,male,0,0,1,0,Mr,2,0,1,2
65,65,1,3,male,1,1,1,3,Master,0,2,0,2
66,66,1,2,female,0,0,0,1,Mrs,1,0,1,1
67,67,0,3,male,0,0,0,0,Mr,1,0,1,1
68,68,1,3,female,4,2,0,2,Miss,1,6,0,1
69,69,0,3,male,2,0,0,0,Mr,1,2,0,1
70,70,0,2,male,0,0,0,0,Mr,1,0,1,1
71,71,0,3,female,5,2,0,2,Miss,0,7,0,3
72,72,0,2,male,0,0,0,0,Mr,1,0,1,3
73,73,0,3,male,1,0,1,0,Mr,1,1,0,2
74,74,1,3,male,0,0,0,0,Mr,1,0,1,3
75,75,0,3,male,0,0,0,0,Mr,1,0,1,0
76,76,0,3,male,0,0,0,0,Mr,2,0,1,0
77,77,0,3,male,0,0,0,0,Mr,2,0,1,1
78,78,1,2,male,0,2,0,3,Master,0,2,0,2
79,79,1,3,female,0,0,0,2,Miss,1,0,1,1
80,80,0,3,male,0,0,0,0,Mr,1,0,1,1
81,81,1,3,male,0,0,0,0,Mr,1,0,1,1
82,82,1,3,female,0,0,2,2,Miss,1,0,1,0
83,83,0,1,male,0,0,0,0,Mr,1,0,1,3
84,84,1,2,female,0,0,0,2,Miss,1,0,1,1
85,85,1,3,female,3,0,0,1,Mrs,2,3,0,2
86,86,0,3,male,1,3,0,0,Mr,0,4,0,3
87,87,0,3,male,0,0,0,0,Mr,2,0,1,1
88,88,1,1,female,3,2,0,2,Miss,1,5,0,3
89,89,0,3,male,0,0,0,0,Mr,1,0,1,1
90,90,0,3,male,0,0,0,0,Mr,1,0,1,1
91,91,0,3,male,0,0,0,0,Mr,1,0,1,0
92,92,0,1,male,1,0,0,0,Mr,2,1,0,3
93,93,0,3,male,1,2,0,0,Mr,1,3,0,2
94,94,0,3,male,0,0,0,0,Mr,3,0,1,0
95,95,0,3,male,0,0,0,0,Mr,2,0,1,1
96,96,0,1,male,0,0,1,0,Mr,4,0,1,3
97,97,1,1,male,0,1,1,0,Mr,1,1,0,3
98,98,1,2,female,0,1,0,1,Mrs,2,1,0,2
99,99,0,2,male,1,0,0,0,Mr,2,1,0,2
100,100,0,3,female,0,0,0,2,Miss,1,0,1,0
101,101,0,3,male,0,0,0,0,Mr,2,0,1,0
102,102,0,1,male,0,1,0,0,Mr,1,1,0,3
103,103,0,3,male,0,0,0,0,Mr,2,0,1,1
104,104,0,3,male,2,0,0,0,Mr,2,2,0,1
105,105,0,3,male,0,0,0,0,Mr,1,0,1,0
106,106,1,3,female,0,0,0,2,Miss,1,0,1,0
107,107,1,3,male,0,0,0,0,Mr,2,0,1,0
108,108,0,3,male,0,0,0,0,Mr,2,0,1,0
109,109,1,3,female,1,0,2,2,Miss,1,1,0,2
110,110,0,1,male,0,0,0,0,Mr,2,0,1,3
111,111,0,3,female,1,0,1,2,Miss,0,1,0,2
112,112,0,3,male,0,0,0,0,Mr,1,0,1,1
113,113,0,3,female,1,0,0,2,Miss,1,1,0,1
114,114,0,3,female,0,0,1,2,Miss,1,0,1,2
115,115,0,3,male,0,0,0,0,Mr,1,0,1,1
116,116,0,3,male,0,0,2,0,Mr,4,0,1,0
117,117,0,2,male,1,0,0,0,Mr,1,1,0,2
118,118,0,1,male,0,1,1,0,Mr,1,1,0,3
119,119,0,3,female,4,2,0,2,Miss,0,6,0,3
120,120,0,2,male,2,0,0,0,Mr,1,2,0,3
121,121,0,3,male,0,0,0,0,Mr,2,0,1,1
122,122,0,2,male,1,0,1,0,Mr,2,1,0,2
123,123,1,2,female,0,0,0,2,Miss,2,0,1,1
124,124,0,1,male,0,1,0,0,Mr,3,1,0,3
125,125,1,3,male,1,0,1,3,Master,0,1,0,1
126,126,0,3,male,0,0,2,0,Mr,2,0,1,0
127,127,1,3,male,0,0,0,0,Mr,1,0,1,0
128,128,1,3,female,1,1,1,2,Miss,1,2,0,2
129,129,0,3,male,0,0,0,0,Mr,2,0,1,0
130,130,0,3,male,0,0,1,0,Mr,2,0,1,0
131,131,0,3,male,0,0,0,0,Mr,1,0,1,0
132,132,0,3,female,1,0,0,1,Mrs,2,1,0,2
133,133,1,2,female,1,0,0,1,Mrs,1,1,0,2
134,134,0,2,male,0,0,0,0,Mr,1,0,1,1
135,135,0,2,male,0,0,1,0,Mr,1,0,1,2
136,136,1,1,female,0,2,0,2,Miss,1,2,0,2
137,137,0,1,male,1,0,0,0,Mr,2,1,0,3
138,138,0,3,male,0,0,0,0,Mr,0,0,1,1
139,139,0,1,male,0,0,1,0,Mr,1,0,1,3
140,140,0,3,female,0,2,1,1,Mrs,2,2,0,2
141,141,1,3,female,0,0,0,2,Miss,1,0,1,0
142,142,1,3,female,1,0,0,1,Mrs,1,1,0,2
143,143,0,3,male,0,0,2,0,Mr,1,0,1,0
144,144,0,2,male,0,0,0,0,Mr,1,0,1,1
145,145,0,2,male,1,1,0,0,Mr,1,2,0,3
146,146,1,3,male,0,0,0,0,Mr,1,0,1,0
147,147,0,3,female,2,2,0,2,Miss,0,4,0,3
148,148,0,2,male,0,2,0,0,Mr,2,2,0,2
149,149,0,2,male,0,0,0,4,Rev,2,0,1,1
150,150,0,2,male,0,0,0,4,Rev,3,0,1,1
151,151,1,1,female,1,0,0,1,Mrs,1,1,0,3
152,152,0,3,male,0,0,0,0,Mr,3,0,1,1
153,153,0,3,male,0,2,0,0,Mr,2,2,0,2
154,154,0,3,male,0,0,0,0,Mr,2,0,1,0
155,155,0,1,male,0,1,1,0,Mr,3,1,0,3
156,156,1,3,female,0,0,2,2,Miss,0,0,1,0
157,157,0,3,male,0,0,0,0,Mr,1,0,1,1
158,158,0,3,male,0,0,0,0,Mr,2,0,1,1
159,159,0,3,male,8,2,0,3,Master,0,10,0,3
160,160,0,3,male,0,1,0,0,Mr,2,1,0,2
161,161,1,2,female,0,0,0,1,Mrs,2,0,1,2
162,162,0,3,male,0,0,0,0,Mr,1,0,1,0
163,163,0,3,male,0,0,0,0,Mr,1,0,1,1
164,164,0,3,male,4,1,0,3,Master,0,5,0,3
165,165,1,3,male,0,2,0,3,Master,0,2,0,2
166,166,1,1,female,0,1,0,1,Mrs,2,1,0,3
167,167,0,3,female,1,4,0,1,Mrs,2,5,0,2
168,168,0,1,male,0,0,0,0,Mr,2,0,1,2
169,169,0,3,male,0,0,0,0,Mr,1,0,1,3
170,170,0,1,male,0,0,0,0,Mr,3,0,1,3
171,171,0,3,male,4,1,2,3,Master,0,5,0,2
172,172,1,3,female,1,1,0,2,Miss,0,2,0,1
173,173,0,3,male,0,0,0,0,Mr,1,0,1,1
174,174,0,1,male,0,0,1,0,Mr,3,0,1,2
175,175,0,3,male,1,1,0,0,Mr,1,2,0,0
176,176,0,3,male,3,1,0,3,Master,0,4,0,2
177,177,0,1,female,0,0,1,2,Miss,3,0,1,2
178,178,0,2,male,0,0,0,0,Mr,1,0,1,1
179,179,0,3,male,0,0,0,0,Mr,2,0,1,0
180,180,0,3,female,8,2,0,2,Miss,1,10,0,3
181,181,0,2,male,0,0,1,0,Mr,2,0,1,2
182,182,0,3,male,4,2,0,3,Master,0,6,0,3
183,183,1,2,male,2,1,0,3,Master,0,3,0,3
184,184,1,3,female,0,2,0,2,Miss,0,2,0,2
185,185,0,1,male,0,0,0,0,Mr,2,0,1,3
186,186,1,3,female,1,0,2,1,Mrs,2,1,0,2
187,187,1,1,male,0,0,0,0,Mr,2,0,1,2
188,188,0,3,male,1,1,2,0,Mr,2,2,0,2
189,189,0,3,male,0,0,0,0,Mr,2,0,1,0
190,190,1,2,female,0,0,0,1,Mrs,1,0,1,1
191,191,0,2,male,0,0,0,0,Mr,1,0,1,1
192,192,1,3,female,1,0,0,2,Miss,1,1,0,0
193,193,1,2,male,1,1,0,3,Master,0,2,0,2
194,194,1,1,female,0,0,1,1,Mrs,2,0,1,2
195,195,1,1,female,0,0,1,2,Miss,3,0,1,3
196,196,0,3,male,0,0,2,0,Mr,2,0,1,0
197,197,0,3,male,0,1,0,0,Mr,2,1,0,1
198,198,1,3,female,0,0,2,2,Miss,1,0,1,0
199,199,0,2,female,0,0,0,2,Miss,1,0,1,1
200,200,0,3,male,0,0,0,0,Mr,1,0,1,1
201,201,0,3,male,8,2,0,0,Mr,2,10,0,3
202,202,0,3,male,0,0,0,0,Mr,2,0,1,0
203,203,0,3,male,0,0,1,0,Mr,2,0,1,0
204,204,1,3,male,0,0,0,0,Mr,1,0,1,1
205,205,0,3,female,0,1,0,2,Miss,0,1,0,1
206,206,0,3,male,1,0,0,0,Mr,1,1,0,2
207,207,1,3,male,0,0,1,0,Mr,1,0,1,2
208,208,1,3,female,0,0,2,2,Miss,0,0,1,0
209,209,1,1,male,0,0,1,0,Mr,2,0,1,2
210,210,0,3,male,0,0,0,0,Mr,1,0,1,0
211,211,1,2,female,0,0,0,2,Miss,2,0,1,2
212,212,0,3,male,0,0,0,0,Mr,1,0,1,0
213,213,0,2,male,0,0,0,0,Mr,1,0,1,1
214,214,0,3,male,1,0,2,0,Mr,2,1,0,0
215,215,1,1,female,1,0,1,2,Miss,1,1,0,3
216,216,1,3,female,0,0,0,2,Miss,1,0,1,1
217,217,0,2,male,1,0,0,0,Mr,2,1,0,2
218,218,1,1,female,0,0,1,2,Miss,1,0,1,3
219,219,0,2,male,0,0,0,0,Mr,1,0,1,1
220,220,1,3,male,0,0,0,0,Mr,0,0,1,1
221,221,0,2,male,0,0,0,0,Mr,1,0,1,1
222,222,0,3,male,0,0,0,0,Mr,3,0,1,1
223,223,0,3,male,0,0,0,0,Mr,2,0,1,0
224,224,1,1,male,1,0,0,0,Mr,2,1,0,3
225,225,0,3,male,0,0,0,0,Mr,1,0,1,1
226,226,1,2,male,0,0,0,0,Mr,1,0,1,1
227,227,0,3,male,0,0,0,0,Mr,1,0,1,0
228,228,0,2,male,0,0,0,0,Mr,1,0,1,1
229,229,0,3,female,3,1,0,2,Miss,1,4,0,2
230,230,1,1,female,1,0,0,1,Mrs,2,1,0,3
231,231,0,3,male,0,0,0,0,Mr,1,0,1,0
232,232,0,2,male,0,0,0,0,Mr,3,0,1,1
233,233,1,3,female,4,2,0,2,Miss,0,6,0,3
234,234,0,2,male,0,0,0,0,Mr,1,0,1,1
235,235,0,3,female,0,0,0,2,Miss,1,0,1,0
236,236,0,2,male,1,0,0,0,Mr,2,1,0,2
237,237,1,2,female,0,2,0,2,Miss,0,2,0,2
238,238,0,2,male,0,0,0,0,Mr,1,0,1,1
239,239,0,2,male,0,0,0,0,Mr,2,0,1,1
240,240,0,3,female,1,0,1,2,Miss,1,1,0,2
241,241,1,3,female,1,0,2,2,Miss,1,1,0,2
242,242,0,2,male,0,0,0,0,Mr,1,0,1,1
243,243,0,3,male,0,0,0,0,Mr,1,0,1,0
244,244,0,3,male,0,0,1,0,Mr,1,0,1,0
245,245,0,1,male,2,0,2,0,Dr,2,2,0,3
246,246,0,3,female,0,0,0,2,Miss,1,0,1,0
247,247,1,2,female,0,2,0,1,Mrs,1,2,0,2
248,248,1,1,male,1,1,0,0,Mr,2,2,0,3
249,249,0,2,male,1,0,0,4,Rev,3,1,0,2
250,250,0,3,male,0,0,0,0,Mr,2,0,1,0
251,251,0,3,female,1,1,0,1,Mrs,1,2,0,1
252,252,0,1,male,0,0,0,0,Mr,3,0,1,2
253,253,0,3,male,1,0,0,0,Mr,1,1,0,2
254,254,0,3,female,0,2,0,1,Mrs,2,2,0,2
255,255,1,3,female,0,2,1,1,Mrs,1,2,0,2
256,256,1,1,female,0,0,1,1,Mrs,2,0,1,3
257,257,1,1,female,0,0,0,2,Miss,1,0,1,3
258,258,1,1,female,0,0,1,2,Miss,2,0,1,0
259,259,1,2,female,0,1,0,1,Mrs,3,1,0,2
260,260,0,3,male,0,0,2,0,Mr,2,0,1,0
261,261,1,3,male,4,2,0,3,Master,0,6,0,3
262,262,0,1,male,1,1,0,0,Mr,3,2,0,3
263,263,0,1,male,0,0,0,0,Mr,2,0,1,0
264,264,0,3,female,0,0,2,2,Miss,1,0,1,0
265,265,0,2,male,0,0,0,0,Mr,2,0,1,1
266,266,0,3,male,4,1,0,0,Mr,0,5,0,3
267,267,1,3,male,1,0,0,0,Mr,1,1,0,0
268,268,1,1,female,0,1,0,1,Mrs,3,1,0,3
269,269,1,1,female,0,0,0,2,Miss,2,0,1,3
270,270,0,1,male,0,0,0,0,Mr,2,0,1,2
271,271,1,3,male,0,0,0,0,Mr,1,0,1,0
272,272,1,2,female,0,1,0,1,Mrs,2,1,0,2
273,273,0,1,male,0,1,1,0,Mr,2,1,0,2
274,274,1,3,female,0,0,2,2,Miss,1,0,1,0
275,275,1,1,female,1,0,0,2,Miss,3,1,0,3
276,276,0,3,female,0,0,0,2,Miss,2,0,1,0
277,277,0,2,male,0,0,0,0,Mr,2,0,1,0
278,278,0,3,male,4,1,2,3,Master,0,5,0,2
279,279,1,3,female,1,1,0,1,Mrs,2,2,0,2
280,280,0,3,male,0,0,2,0,Mr,4,0,1,0
281,281,0,3,male,0,0,0,0,Mr,1,0,1,0
282,282,0,3,male,0,0,0,0,Mr,0,0,1,1
283,283,1,3,male,0,0,0,0,Mr,1,0,1,1
284,284,0,1,male,0,0,0,0,Mr,2,0,1,2
285,285,0,3,male,0,0,1,0,Mr,2,0,1,1
286,286,1,3,male,0,0,0,0,Mr,1,0,1,1
287,287,0,3,male,0,0,0,0,Mr,1,0,1,0
288,288,1,2,male,0,0,0,0,Mr,2,0,1,1
289,289,1,3,female,0,0,2,2,Miss,1,0,1,0
290,290,1,1,female,0,0,0,2,Miss,1,0,1,3
291,291,1,1,female,1,0,1,1,Mrs,1,1,0,3
292,292,0,2,male,0,0,1,0,Mr,2,0,1,1
293,293,0,3,female,0,0,0,2,Miss,1,0,1,1
294,294,0,3,male,0,0,0,0,Mr,1,0,1,0
295,295,0,1,male,0,0,1,0,Mr,2,0,1,2
296,296,0,3,male,0,0,1,0,Mr,1,0,1,0
297,297,0,1,female,1,2,0,2,Miss,0,3,0,3
298,298,1,1,male,0,0,0,0,Mr,2,0,1,2
299,299,1,1,female,0,1,1,1,Mrs,3,1,0,3
300,300,1,3,female,0,0,2,2,Miss,1,0,1,0
301,301,1,3,male,2,0,2,0,Mr,2,2,0,2
302,302,0,3,male,0,0,0,0,Mr,1,0,1,0
303,303,1,2,female,0,0,2,2,Miss,1,0,1,1
304,304,0,3,male,0,0,0,0,Mr,2,0,1,1
305,305,1,1,male,1,2,0,3,Master,0,3,0,3
306,306,1,1,female,0,0,1,2,Miss,1,0,1,3
307,307,1,1,female,1,0,1,1,Mrs,1,1,0,3
308,308,0,2,male,1,0,1,0,Mr,1,1,0,2
309,309,1,1,female,0,0,1,2,Miss,1,0,1,3
310,310,1,1,female,0,0,1,2,Miss,1,0,1,3
311,311,1,1,female,2,2,1,2,Miss,1,4,0,3
312,312,0,2,female,1,1,0,1,Mrs,1,2,0,2
313,313,0,3,male,0,0,0,0,Mr,1,0,1,0
314,314,0,2,male,1,1,0,0,Mr,2,2,0,2
315,315,1,3,female,0,0,0,2,Miss,1,0,1,0
316,316,1,2,female,1,0,0,1,Mrs,1,1,0,2
317,317,0,2,male,0,0,0,0,Dr,3,0,1,1
318,318,1,1,female,0,2,0,2,Miss,1,2,0,3
319,319,1,1,female,1,1,1,1,Mrs,2,2,0,3
320,320,0,3,male,0,0,0,0,Mr,1,0,1,0
321,321,0,3,male,0,0,0,0,Mr,1,0,1,0
322,322,1,2,female,0,0,2,2,Miss,1,0,1,1
323,323,1,2,female,1,1,0,1,Mrs,1,2,0,2
324,324,0,3,male,8,2,0,0,Mr,2,10,0,3
325,325,1,1,female,0,0,1,2,Miss,2,0,1,3
326,326,0,3,male,0,0,0,0,Mr,3,0,1,0
327,327,1,2,female,0,0,0,1,Mrs,2,0,1,1
328,328,1,3,female,1,1,0,1,Mrs,1,2,0,2
329,329,1,1,female,0,1,1,2,Miss,0,1,0,3
330,330,1,3,female,2,0,2,2,Miss,1,2,0,2
331,331,0,1,male,0,0,0,0,Mr,2,0,1,2
332,332,0,1,male,0,1,0,0,Mr,2,1,0,3
333,333,0,3,male,2,0,0,0,Mr,0,2,0,2
334,334,1,1,female,1,0,0,1,Mrs,2,1,0,3
335,335,0,3,male,0,0,0,0,Mr,2,0,1,0
336,336,0,1,male,1,0,0,0,Mr,1,1,0,3
337,337,1,1,female,0,0,1,2,Miss,2,0,1,3
338,338,1,3,male,0,0,0,0,Mr,2,0,1,1
339,339,0,1,male,0,0,0,0,Mr,2,0,1,3
340,340,1,2,male,1,1,0,3,Master,0,2,0,2
341,341,1,1,female,3,2,0,2,Miss,1,5,0,3
342,342,0,2,male,0,0,0,0,Mr,1,0,1,1
343,343,0,2,male,0,0,0,0,Mr,1,0,1,1
344,344,0,2,male,0,0,0,0,Mr,2,0,1,1
345,345,1,2,female,0,0,0,2,Miss,1,0,1,1
346,346,1,2,female,0,0,0,2,Miss,2,0,1,1
347,347,1,3,female,1,0,0,1,Mrs,2,1,0,2
348,348,1,3,male,1,1,0,3,Master,0,2,0,2
349,349,0,3,male,0,0,0,0,Mr,2,0,1,1
350,350,0,3,male,0,0,0,0,Mr,1,0,1,1
351,351,0,1,male,0,0,0,0,Mr,2,0,1,3
352,352,0,3,male,1,1,1,0,Mr,0,2,0,0
353,353,0,3,male,1,0,0,0,Mr,1,1,0,2
354,354,0,3,male,0,0,1,0,Mr,2,0,1,0
355,355,0,3,male,0,0,0,0,Mr,1,0,1,1
356,356,1,1,female,0,1,0,2,Miss,1,1,0,3
357,357,0,2,female,0,0,0,2,Miss,2,0,1,1
358,358,1,3,female,0,0,2,2,Miss,1,0,1,0
359,359,1,3,female,0,0,2,2,Miss,1,0,1,0
360,360,0,3,male,1,4,0,0,Mr,2,5,0,2
361,361,0,2,male,1,0,1,0,Mr,1,1,0,2
362,362,0,3,female,0,1,1,1,Mrs,2,1,0,2
363,363,0,3,male,0,0,0,0,Mr,2,0,1,0
364,364,0,3,male,1,0,2,0,Mr,2,1,0,2
365,365,0,3,male,0,0,0,0,Mr,1,0,1,0
366,366,1,1,female,1,0,1,1,Mrs,3,1,0,3
367,367,1,3,female,0,0,1,1,Mrs,2,0,1,0
368,368,1,3,female,0,0,2,2,Miss,1,0,1,0
369,369,1,1,female,0,0,1,2,Mme,1,0,1,3
370,370,1,1,male,1,0,1,0,Mr,1,1,0,3
371,371,0,3,male,1,0,0,0,Mr,1,1,0,0
372,372,0,3,male,0,0,0,0,Mr,1,0,1,1
373,373,0,1,male,0,0,1,0,Mr,1,0,1,3
374,374,0,3,female,3,1,0,2,Miss,0,4,0,2
375,375,1,1,female,1,0,1,1,Mrs,2,1,0,3
376,376,1,3,female,0,0,0,2,Miss,1,0,1,0
377,377,0,1,male,0,2,1,0,Mr,1,2,0,3
378,378,0,3,male,0,0,1,0,Mr,1,0,1,0
379,379,0,3,male,0,0,0,0,Mr,1,0,1,0
380,380,1,1,female,0,0,1,2,Miss,2,0,1,3
381,381,1,3,female,0,2,1,2,Miss,0,2,0,2
382,382,0,3,male,0,0,0,0,Mr,1,0,1,1
383,383,1,1,female,1,0,0,1,Mrs,2,1,0,3
384,384,0,3,male,0,0,0,0,Mr,2,0,1,0
385,385,0,2,male,0,0,0,0,Mr,1,0,1,3
386,386,0,3,male,5,2,0,3,Master,0,7,0,3
387,387,1,2,female,0,0,0,2,Miss,2,0,1,1
388,388,0,3,male,0,0,2,0,Mr,2,0,1,0
389,389,1,2,female,0,0,1,2,Miss,1,0,1,1
390,390,1,1,male,1,2,0,0,Mr,2,3,0,3
391,391,1,3,male,0,0,0,0,Mr,1,0,1,0
392,392,0,3,male,2,0,0,0,Mr,1,2,0,1
393,393,1,1,female,1,0,1,2,Miss,1,1,0,3
394,394,1,3,female,0,2,0,1,Mrs,1,2,0,2
395,395,0,3,male,0,0,0,0,Mr,1,0,1,0
396,396,0,3,female,0,0,0,2,Miss,1,0,1,0
397,397,0,2,male,0,0,0,0,Mr,2,0,1,2
398,398,0,2,male,0,0,0,0,Dr,1,0,1,1
399,399,1,2,female,0,0,0,1,Mrs,1,0,1,1
400,400,1,3,male,0,0,0,0,Mr,2,0,1,1
401,401,0,3,male,0,0,0,0,Mr,1,0,1,1
402,402,0,3,female,1,0,0,2,Miss,1,1,0,1
403,403,0,3,male,1,0,0,0,Mr,1,1,0,2
404,404,0,3,female,0,0,0,2,Miss,1,0,1,1
405,405,0,2,male,1,0,0,0,Mr,2,1,0,2
406,406,0,3,male,0,0,0,0,Mr,3,0,1,0
407,407,1,2,male,1,1,0,3,Master,0,2,0,2
408,408,0,3,male,0,0,0,0,Mr,1,0,1,0
409,409,0,3,female,3,1,0,2,Miss,1,4,0,2
410,410,0,3,male,0,0,0,0,Mr,2,0,1,0
411,411,0,3,male,0,0,2,0,Mr,2,0,1,0
412,412,1,1,female,1,0,2,2,Miss,2,1,0,3
413,413,0,2,male,0,0,0,0,Mr,2,0,1,0
414,414,1,3,male,0,0,0,0,Mr,2,0,1,1
415,415,0,3,female,0,0,0,1,Mrs,2,0,1,1
416,416,1,2,female,1,1,0,1,Mrs,2,2,0,3
417,417,1,2,female,0,2,0,2,Miss,1,2,0,1
418,418,0,2,male,0,0,0,0,Mr,1,0,1,1
419,419,0,3,female,0,2,0,2,Miss,0,2,0,2
420,420,0,3,male,0,0,1,0,Mr,2,0,1,0
421,421,0,3,male,0,0,2,0,Mr,1,0,1,0
422,422,0,3,male,0,0,0,0,Mr,1,0,1,0
423,423,0,3,female,1,1,0,1,Mrs,1,2,0,1
424,424,0,3,male,1,1,0,0,Mr,1,2,0,2
425,425,0,3,male,0,0,0,0,Mr,2,0,1,0
426,426,1,2,female,1,0,0,1,Mrs,1,1,0,2
427,427,1,2,female,0,0,0,2,Miss,1,0,1,2
428,428,0,3,male,0,0,2,0,Mr,2,0,1,0
429,429,1,3,male,0,0,0,0,Mr,1,0,1,1
430,430,1,1,male,0,0,0,0,Mr,1,0,1,2
431,431,1,3,female,1,0,0,1,Mrs,2,1,0,2
432,432,1,2,female,1,0,0,1,Mrs,2,1,0,2
433,433,0,3,male,0,0,0,0,Mr,1,0,1,0
434,434,0,1,male,1,0,0,0,Mr,3,1,0,3
435,435,1,1,female,1,2,0,2,Miss,0,3,0,3
436,436,0,3,female,2,2,0,2,Miss,1,4,0,3
437,437,1,2,female,2,3,0,1,Mrs,1,5,0,2
438,438,0,1,male,1,4,0,0,Mr,3,5,0,3
439,439,0,2,male,0,0,0,0,Mr,1,0,1,1
440,440,1,2,female,1,1,0,1,Mrs,2,2,0,2
441,441,0,3,male,0,0,0,0,Mr,1,0,1,1
442,442,0,3,male,1,0,0,0,Mr,1,1,0,0
443,443,1,2,female,0,0,0,2,Ms,1,0,1,1
444,444,1,3,male,0,0,0,0,Mr,2,0,1,1
445,445,1,1,male,0,2,0,3,Master,0,2,0,3
446,446,1,2,female,0,1,0,2,Miss,0,1,0,2
447,447,1,1,male,0,0,0,0,Mr,2,0,1,2
448,448,1,3,female,2,1,1,2,Miss,0,3,0,2
449,449,1,1,male,0,0,0,0,Major,3,0,1,2
450,450,0,2,male,1,2,0,0,Mr,2,3,0,2
451,451,0,3,male,1,0,0,0,Mr,2,1,0,2
452,452,0,1,male,0,0,1,0,Mr,1,0,1,2
453,453,1,1,male,1,0,1,0,Mr,3,1,0,3
454,454,0,3,male,0,0,0,0,Mr,2,0,1,1
455,455,1,3,male,0,0,1,0,Mr,1,0,1,0
456,456,0,1,male,0,0,0,0,Mr,4,0,1,2
457,457,1,1,female,1,0,0,1,Mrs,2,1,0,3
458,458,1,2,female,0,0,0,2,Miss,3,0,1,1
459,459,0,3,male,0,0,2,0,Mr,2,0,1,0
460,460,1,1,male,0,0,0,0,Mr,2,0,1,2
461,461,0,3,male,0,0,0,0,Mr,2,0,1,1
462,462,0,1,male,0,0,0,0,Mr,2,0,1,3
463,463,0,2,male,0,0,0,0,Mr,2,0,1,1
464,464,0,3,male,0,0,0,0,Mr,2,0,1,1
465,465,0,3,male,0,0,0,0,Mr,2,0,1,0
466,466,0,2,male,0,0,0,0,Mr,2,0,1,0
467,467,0,1,male,0,0,0,0,Mr,3,0,1,2
468,468,0,3,male,0,0,2,0,Mr,2,0,1,0
469,469,1,3,female,2,1,1,2,Miss,0,3,0,2
470,470,0,3,male,0,0,0,0,Mr,2,0,1,0
471,471,0,3,male,0,0,0,0,Mr,2,0,1,1
472,472,1,2,female,1,2,0,1,Mrs,2,3,0,2
473,473,1,2,female,0,0,1,1,Mrs,1,0,1,1
474,474,0,3,female,0,0,0,2,Miss,1,0,1,1
475,475,0,1,male,0,0,0,0,Mr,2,0,1,3
476,476,0,2,male,1,0,0,0,Mr,2,1,0,2
477,477,0,3,male,1,0,0,0,Mr,1,1,0,0
478,478,0,3,male,0,0,0,0,Mr,1,0,1,0
479,479,1,3,female,0,1,0,2,Miss,0,1,0,1
480,480,0,3,male,5,2,0,3,Master,0,7,0,3
481,481,0,2,male,0,0,0,0,Mr,2,0,1,0
482,482,0,3,male,0,0,0,0,Mr,3,0,1,1
483,483,1,3,female,0,0,0,1,Mrs,3,0,1,1
484,484,1,1,male,1,0,1,0,Mr,1,1,0,3
485,485,0,3,female,3,1,0,2,Miss,1,4,0,2
486,486,1,1,female,1,0,0,1,Mrs,2,1,0,3
487,487,0,1,male,0,0,1,0,Mr,3,0,1,2
488,488,0,3,male,0,0,0,0,Mr,1,0,1,1
489,489,1,3,male,1,1,0,3,Master,0,2,0,2
490,490,0,3,male,1,0,0,0,Mr,2,1,0,2
491,491,0,3,male,0,0,0,0,Mr,1,0,1,0
492,492,0,1,male,0,0,0,0,Mr,3,0,1,2
493,493,0,1,male,0,0,1,0,Mr,4,0,1,3
494,494,0,3,male,0,0,0,0,Mr,1,0,1,1
495,495,0,3,male,0,0,1,0,Mr,2,0,1,2
496,496,1,1,female,1,0,1,2,Miss,3,1,0,3
497,497,0,3,male,0,0,0,0,Mr,2,0,1,2
498,498,0,1,female,1,2,0,1,Mrs,1,3,0,3
499,499,0,3,male,0,0,0,0,Mr,1,0,1,0
500,500,0,3,male,0,0,0,0,Mr,1,0,1,1
501,501,0,3,female,0,0,2,2,Miss,1,0,1,0
502,502,0,3,female,0,0,2,2,Miss,1,0,1,0
503,503,0,3,female,0,0,0,2,Miss,2,0,1,1
504,504,1,1,female,0,0,0,2,Miss,0,0,1,3
505,505,0,1,male,1,0,1,0,Mr,1,1,0,3
506,506,1,2,female,0,2,0,1,Mrs,2,2,0,2
507,507,1,1,male,0,0,0,0,Mr,2,0,1,2
508,508,0,3,male,0,0,0,0,Mr,1,0,1,2
509,509,1,3,male,0,0,0,0,Mr,1,0,1,3
510,510,1,3,male,0,0,2,0,Mr,1,0,1,0
511,511,0,3,male,0,0,0,0,Mr,2,0,1,1
512,512,1,1,male,0,0,0,0,Mr,2,0,1,2
513,513,1,1,female,1,0,1,1,Mrs,3,1,0,3
514,514,0,3,male,0,0,0,0,Mr,1,0,1,0
515,515,0,1,male,0,0,0,0,Mr,2,0,1,3
516,516,1,2,female,0,0,0,1,Mrs,2,0,1,1
517,517,0,3,male,0,0,2,0,Mr,2,0,1,2
518,518,1,2,female,1,0,0,1,Mrs,2,1,0,2
519,519,0,3,male,0,0,0,0,Mr,1,0,1,0
520,520,1,1,female,0,0,0,2,Miss,1,0,1,3
521,521,0,3,male,0,0,0,0,Mr,1,0,1,0
522,522,0,3,male,0,0,1,0,Mr,2,0,1,0
523,523,1,1,female,0,1,1,1,Mrs,2,1,0,3
524,524,0,3,male,0,0,1,0,Mr,2,0,1,0
525,525,0,3,male,0,0,2,0,Mr,2,0,1,0
526,526,1,2,female,0,0,0,2,Miss,3,0,1,1
527,527,0,1,male,0,0,0,0,Mr,2,0,1,3
528,528,0,3,male,0,0,0,0,Mr,2,0,1,1
529,529,0,2,male,2,1,0,0,Mr,1,3,0,1
530,530,1,2,female,1,1,0,2,Miss,0,2,0,2
531,531,0,3,male,0,0,1,0,Mr,2,0,1,0
532,532,0,3,male,1,1,1,0,Mr,1,2,0,0
533,533,1,3,female,0,2,1,1,Mrs,2,2,0,2
534,534,0,3,female,0,0,0,2,Miss,1,0,1,1
535,535,1,2,female,0,2,0,2,Miss,0,2,0,2
536,536,0,1,male,0,0,0,0,Major,2,0,1,2
537,537,1,1,female,0,0,1,2,Miss,1,0,1,3
538,538,0,3,male,0,0,0,0,Mr,2,0,1,2
539,539,1,1,female,0,2,1,2,Miss,1,2,0,3
540,540,1,1,female,0,2,0,2,Miss,2,2,0,3
541,541,0,3,female,4,2,0,2,Miss,0,6,0,3
542,542,0,3,female,4,2,0,2,Miss,0,6,0,3
543,543,1,2,male,1,0,0,0,Mr,1,1,0,2
544,544,0,1,male,1,0,1,0,Mr,3,1,0,3
545,545,0,1,male,0,0,0,0,Mr,3,0,1,2
546,546,1,2,female,1,0,0,1,Mrs,1,1,0,2
547,547,1,2,male,0,0,1,0,Mr,2,0,1,1
548,548,0,3,male,1,1,0,0,Mr,2,2,0,2
549,549,1,2,male,1,1,0,3,Master,0,2,0,3
550,550,1,1,male,0,2,1,0,Mr,1,2,0,3
551,551,0,2,male,0,0,0,0,Mr,1,0,1,2
552,552,0,3,male,0,0,2,0,Mr,2,0,1,0
553,553,1,3,male,0,0,1,0,Mr,1,0,1,0
554,554,1,3,female,0,0,0,2,Miss,1,0,1,0
555,555,0,1,male,0,0,0,0,Mr,3,0,1,2
556,556,1,1,female,1,0,1,1,Lady,2,1,0,3
557,557,0,1,male,0,0,1,0,Mr,2,0,1,3
558,558,1,1,female,1,1,0,1,Mrs,2,2,0,3
559,559,1,3,female,1,0,0,1,Mrs,2,1,0,2
560,560,0,3,male,0,0,2,0,Mr,2,0,1,0
561,561,0,3,male,0,0,0,0,Mr,2,0,1,0
562,562,0,2,male,0,0,0,0,Mr,1,0,1,1
563,563,0,3,male,0,0,0,0,Mr,2,0,1,1
564,564,0,3,female,0,0,0,2,Miss,1,0,1,1
565,565,0,3,male,2,0,0,0,Mr,1,2,0,2
566,566,0,3,male,0,0,0,0,Mr,1,0,1,0
567,567,0,3,female,0,4,0,1,Mrs,1,4,0,2
568,568,0,3,male,0,0,1,0,Mr,2,0,1,0
569,569,1,3,male,0,0,0,0,Mr,1,0,1,0
570,570,1,2,male,0,0,0,0,Mr,3,0,1,1
571,571,1,1,female,2,0,0,1,Mrs,3,2,0,3
572,572,1,1,male,0,0,0,0,Mr,2,0,1,2
573,573,1,3,female,0,0,2,2,Miss,1,0,1,0
574,574,0,3,male,0,0,0,0,Mr,0,0,1,1
575,575,0,3,male,0,0,0,0,Mr,1,0,1,2
576,576,1,2,female,0,0,0,2,Miss,2,0,1,1
577,577,1,1,female,1,0,0,1,Mrs,2,1,0,3
578,578,0,3,female,1,0,1,1,Mrs,2,1,0,2
579,579,1,3,male,0,0,0,0,Mr,1,0,1,1
580,580,1,2,female,1,1,0,2,Miss,1,2,0,2
581,581,1,1,female,1,1,1,1,Mrs,2,2,0,3
582,582,0,2,male,0,0,0,0,Mr,3,0,1,2
583,583,0,1,male,0,0,1,0,Mr,2,0,1,3
584,584,0,3,male,0,0,1,0,Mr,2,0,1,1
585,585,1,1,female,0,2,0,2,Miss,1,2,0,3
586,586,0,2,male,0,0,0,0,Mr,2,0,1,2
587,587,1,1,male,1,1,1,0,Mr,3,2,0,3
588,588,0,3,male,0,0,0,0,Mr,1,0,1,1
589,589,0,3,male,0,0,0,0,Mr,2,0,1,1
590,590,0,3,male,0,0,0,0,Mr,2,0,1,0
591,591,1,1,female,1,0,1,1,Mrs,3,1,0,3
592,592,0,3,male,0,0,0,0,Mr,2,0,1,0
593,593,0,3,female,0,2,2,2,Miss,1,2,0,0
594,594,0,2,male,1,0,0,0,Mr,2,1,0,2
595,595,0,3,male,1,1,0,0,Mr,2,2,0,2
596,596,1,2,female,0,0,0,2,Miss,1,0,1,3
597,597,0,3,male,0,0,0,0,Mr,3,0,1,0
598,598,0,3,male,0,0,1,0,Mr,2,0,1,0
599,599,1,1,male,1,0,1,0,Sir,3,1,0,3
600,600,1,2,female,2,1,0,1,Mrs,1,3,0,2
601,601,0,3,male,0,0,0,0,Mr,2,0,1,0
602,602,0,1,male,0,0,0,0,Mr,2,0,1,3
603,603,0,3,male,0,0,0,0,Mr,2,0,1,1
604,604,1,1,male,0,0,1,0,Mr,2,0,1,2
605,605,0,3,male,1,0,0,0,Mr,2,1,0,2
606,606,0,3,male,0,0,0,0,Mr,1,0,1,0
607,607,1,1,male,0,0,0,0,Mr,1,0,1,2
608,608,1,2,female,1,2,1,1,Mrs,1,3,0,3
609,609,1,1,female,0,0,0,2,Miss,2,0,1,3
610,610,0,3,female,1,5,0,1,Mrs,2,6,0,3
611,611,0,3,male,0,0,0,0,Mr,2,0,1,0
612,612,1,3,female,1,0,2,2,Miss,1,1,0,2
613,613,0,3,male,0,0,2,0,Mr,2,0,1,0
614,614,0,3,male,0,0,0,0,Mr,2,0,1,1
615,615,1,2,female,1,2,0,2,Miss,1,3,0,3
616,616,0,3,male,1,1,0,0,Mr,2,2,0,1
617,617,0,3,female,1,0,0,1,Mrs,1,1,0,2
618,618,1,2,female,2,1,0,2,Miss,0,3,0,3
619,619,0,2,male,0,0,0,0,Mr,1,0,1,1
620,620,0,3,male,1,0,1,0,Mr,1,1,0,2
621,621,1,1,male,1,0,0,0,Mr,2,1,0,3
622,622,1,3,male,1,1,1,0,Mr,1,2,0,2
623,623,0,3,male,0,0,0,0,Mr,1,0,1,0
624,624,0,3,male,0,0,0,0,Mr,1,0,1,2
625,625,0,1,male,0,0,0,0,Mr,3,0,1,3
626,626,0,2,male,0,0,2,4,Rev,3,0,1,1
627,627,1,1,female,0,0,0,2,Miss,1,0,1,3
628,628,0,3,male,0,0,0,0,Mr,1,0,1,0
629,629,0,3,male,0,0,2,0,Mr,2,0,1,0
630,630,1,1,male,0,0,0,0,Mr,4,0,1,2
631,631,0,3,male,0,0,0,0,Mr,3,0,1,0
632,632,1,1,male,0,0,1,0,Dr,1,0,1,2
633,633,0,1,male,0,0,0,0,Mr,2,0,1,0
634,634,0,3,female,3,2,0,2,Miss,0,5,0,2
635,635,1,2,female,0,0,0,2,Miss,1,0,1,1
636,636,0,3,male,0,0,0,0,Mr,1,0,1,1
637,637,0,2,male,1,1,0,0,Mr,1,2,0,2
638,638,0,3,female,0,5,0,1,Mrs,2,5,0,3
639,639,0,3,male,1,0,0,0,Mr,2,1,0,2
640,640,0,3,male,0,0,0,0,Mr,1,0,1,0
641,641,1,1,female,0,0,1,2,Mlle,1,0,1,3
642,642,0,3,female,3,2,0,2,Miss,0,5,0,2
643,643,1,3,male,0,0,0,0,Mr,2,0,1,3
644,644,1,3,female,2,1,1,2,Miss,0,3,0,2
645,645,1,1,male,1,0,1,0,Mr,2,1,0,3
646,646,0,3,male,0,0,0,0,Mr,1,0,1,0
647,647,1,1,male,0,0,1,4,Col,3,0,1,3
648,648,0,3,male,0,0,0,0,Mr,2,0,1,0
649,649,1,3,female,0,0,0,2,Miss,1,0,1,0
650,650,0,3,male,0,0,0,0,Mr,2,0,1,0
651,651,1,2,female,0,1,0,2,Miss,1,1,0,2
652,652,0,3,male,0,0,0,0,Mr,1,0,1,1
653,653,1,3,female,0,0,2,2,Miss,1,0,1,0
654,654,0,3,female,0,0,2,2,Miss,1,0,1,0
655,655,0,2,male,2,0,0,0,Mr,1,2,0,3
656,656,0,3,male,0,0,0,0,Mr,2,0,1,0
657,657,0,3,female,1,1,2,1,Mrs,1,2,0,2
658,658,0,2,male,0,0,0,0,Mr,1,0,1,1
659,659,0,1,male,0,2,1,0,Mr,3,2,0,3
660,660,1,1,male,2,0,0,0,Dr,3,2,0,3
661,661,0,3,male,0,0,1,0,Mr,2,0,1,0
662,662,0,1,male,0,0,0,0,Mr,2,0,1,2
663,663,0,3,male,0,0,0,0,Mr,2,0,1,0
664,664,1,3,male,1,0,0,0,Mr,1,1,0,1
665,665,0,2,male,2,0,0,0,Mr,1,2,0,3
666,666,0,2,male,0,0,0,0,Mr,1,0,1,1
667,667,0,3,male,0,0,0,0,Mr,2,0,1,0
668,668,0,3,male,0,0,0,0,Mr,2,0,1,1
669,669,1,1,female,1,0,0,1,Mrs,2,1,0,3
670,670,1,2,female,1,1,0,1,Mrs,2,2,0,3
671,671,0,1,male,1,0,0,0,Mr,1,1,0,3
672,672,0,2,male,0,0,0,0,Mr,4,0,1,1
673,673,1,2,male,0,0,0,0,Mr,1,0,1,1
674,674,0,2,male,0,0,0,0,Mr,2,0,1,0
675,675,0,3,male,0,0,0,0,Mr,1,0,1,0
676,676,0,3,male,0,0,0,0,Mr,1,0,1,1
677,677,1,3,female,0,0,0,2,Miss,1,0,1,1
678,678,0,3,female,1,6,0,1,Mrs,2,7,0,3
679,679,1,1,male,0,1,1,0,Mr,2,1,0,0
680,680,0,3,female,0,0,2,2,Miss,1,0,1,1
681,681,1,1,male,0,0,1,0,Mr,1,0,1,3
682,682,0,3,male,0,0,0,0,Mr,1,0,1,1
683,683,0,3,male,5,2,0,0,Mr,0,7,0,3
684,684,0,2,male,1,1,0,0,Mr,3,2,0,3
685,685,0,2,male,1,2,1,0,Mr,1,3,0,3
686,686,0,3,male,4,1,0,0,Mr,0,5,0,3
687,687,0,3,male,0,0,0,0,Mr,1,0,1,1
688,688,0,3,male,0,0,0,0,Mr,1,0,1,0
689,689,1,1,female,0,1,0,2,Miss,0,1,0,3
690,690,1,1,male,1,0,0,0,Mr,1,1,0,3
691,691,1,3,female,0,1,1,2,Miss,0,1,0,1
692,692,1,3,male,0,0,0,0,Mr,2,0,1,3
693,693,0,3,male,0,0,1,0,Mr,1,0,1,0
694,694,0,1,male,0,0,0,4,Col,3,0,1,2
695,695,0,2,male,0,0,0,0,Mr,3,0,1,1
696,696,0,3,male,0,0,0,0,Mr,2,0,1,1
697,697,1,3,female,0,0,2,2,Miss,1,0,1,0
698,698,0,1,male,1,1,1,0,Mr,3,2,0,3
699,699,0,3,male,0,0,0,0,Mr,2,0,1,0
700,700,1,1,female,1,0,1,1,Mrs,1,1,0,3
701,701,1,1,male,0,0,0,0,Mr,2,0,1,2
702,702,0,3,female,0,1,1,2,Miss,1,1,0,2
703,703,0,3,male,0,0,2,0,Mr,1,0,1,0
704,704,0,3,male,1,0,0,0,Mr,1,1,0,0
705,705,0,2,male,0,0,0,0,Mr,2,0,1,2
706,706,1,2,female,0,0,0,1,Mrs,2,0,1,1
707,707,1,1,male,0,0,0,0,Mr,2,0,1,2
708,708,1,1,female,0,0,0,2,Miss,1,0,1,3
709,709,1,3,male,1,1,1,3,Master,0,2,0,2
710,710,1,1,female,0,0,1,2,Mlle,1,0,1,3
711,711,0,1,male,0,0,0,0,Mr,2,0,1,2
712,712,1,1,male,1,0,0,0,Mr,2,1,0,3
713,713,0,3,male,0,0,0,0,Mr,1,0,1,1
714,714,0,2,male,0,0,0,0,Mr,3,0,1,1
715,715,0,3,male,0,0,0,0,Mr,1,0,1,0
716,716,1,1,female,0,0,1,2,Miss,2,0,1,3
717,717,1,2,female,0,0,0,2,Miss,1,0,1,1
718,718,0,3,male,0,0,2,0,Mr,2,0,1,2
719,719,0,3,male,0,0,0,0,Mr,2,0,1,0
720,720,1,2,female,0,1,0,2,Miss,0,1,0,3
721,721,0,3,male,1,0,0,0,Mr,1,1,0,0
722,722,0,2,male,0,0,0,0,Mr,2,0,1,1
723,723,0,2,male,0,0,0,0,Mr,3,0,1,1
724,724,1,1,male,1,0,0,0,Mr,1,1,0,3
725,725,0,3,male,0,0,0,0,Mr,1,0,1,1
726,726,1,2,female,3,0,0,1,Mrs,1,3,0,2
727,727,1,3,female,0,0,2,2,Miss,1,0,1,0
728,728,0,2,male,1,0,0,0,Mr,1,1,0,2
729,729,0,3,female,1,0,0,2,Miss,1,1,0,1
730,730,1,1,female,0,0,0,2,Miss,1,0,1,3
731,731,0,3,male,0,0,1,0,Mr,0,0,1,2
732,732,0,2,male,0,0,0,0,Mr,2,0,1,0
733,733,0,2,male,0,0,0,0,Mr,1,0,1,1
734,734,0,2,male,0,0,0,0,Mr,1,0,1,1
735,735,0,3,male,0,0,0,0,Mr,1,0,1,2
736,736,0,3,female,1,3,0,1,Mrs,2,4,0,3
737,737,1,1,male,0,0,1,0,Mr,2,0,1,0
738,738,0,3,male,0,0,0,0,Mr,2,0,1,0
739,739,0,3,male,0,0,0,0,Mr,2,0,1,0
740,740,1,1,male,0,0,0,0,Mr,2,0,1,2
741,741,0,1,male,1,0,0,0,Mr,2,1,0,3
742,742,1,1,female,2,2,1,2,Miss,1,4,0,3
743,743,0,3,male,1,0,0,0,Mr,1,1,0,2
744,744,1,3,male,0,0,0,0,Mr,1,0,1,1
745,745,0,1,male,1,1,0,0,Capt,4,2,0,3
746,746,0,3,male,1,1,0,0,Mr,0,2,0,2
747,747,1,2,female,0,0,0,2,Miss,1,0,1,1
748,748,0,1,male,1,0,0,0,Mr,1,1,0,3
749,749,0,3,male,0,0,2,0,Mr,1,0,1,0
750,750,1,2,female,1,1,0,2,Miss,0,2,0,2
751,751,1,3,male,0,1,0,3,Master,0,1,0,1
752,752,0,3,male,0,0,0,0,Mr,2,0,1,1
753,753,0,3,male,0,0,0,0,Mr,1,0,1,0
754,754,1,2,female,1,2,0,1,Mrs,2,3,0,3
755,755,1,2,male,1,1,0,3,Master,0,2,0,2
756,756,0,3,male,0,0,0,0,Mr,1,0,1,0
757,757,0,2,male,0,0,0,0,Mr,1,0,1,1
758,758,0,3,male,0,0,0,0,Mr,2,0,1,1
759,759,1,1,female,0,0,0,1,Countess,2,0,1,3
760,760,0,3,male,0,0,0,0,Mr,2,0,1,2
761,761,0,3,male,0,0,0,0,Mr,2,0,1,0
762,762,1,3,male,0,0,1,0,Mr,1,0,1,0
763,763,1,1,female,1,2,0,1,Mrs,2,3,0,3
764,764,0,3,male,0,0,0,0,Mr,0,0,1,0
765,765,1,1,female,1,0,0,1,Mrs,3,1,0,3
766,766,0,1,male,0,0,1,0,Dr,2,0,1,3
767,767,0,3,female,0,0,2,2,Miss,1,0,1,0
768,768,0,3,male,1,0,2,0,Mr,2,1,0,2
769,769,0,3,male,0,0,0,0,Mr,1,0,1,1
770,770,0,3,male,0,0,0,0,Mr,1,0,1,1
771,771,0,3,male,0,0,0,0,Mr,2,0,1,0
772,772,0,2,female,0,0,0,1,Mrs,3,0,1,1
773,773,0,3,male,0,0,1,0,Mr,2,0,1,0
774,774,1,2,female,1,3,0,1,Mrs,3,4,0,2
775,775,0,3,male,0,0,0,0,Mr,1,0,1,0
776,776,0,3,male,0,0,2,0,Mr,2,0,1,0
777,777,1,3,female,0,0,0,2,Miss,0,0,1,1
778,778,0,3,male,0,0,2,0,Mr,2,0,1,0
779,779,1,1,female,0,1,0,1,Mrs,2,1,0,3
780,780,1,3,female,0,0,1,2,Miss,0,0,1,0
781,781,1,1,female,1,0,0,1,Mrs,1,1,0,3
782,782,0,1,male,0,0,0,0,Mr,1,0,1,2
783,783,0,3,male,1,2,0,0,Mr,2,3,0,2
784,784,0,3,male,0,0,0,0,Mr,1,0,1,0
785,785,0,3,male,0,0,0,0,Mr,1,0,1,0
786,786,1,3,female,0,0,0,2,Miss,1,0,1,0
787,787,0,3,male,4,1,2,3,Master,0,5,0,2
788,788,1,3,male,1,2,0,3,Master,0,3,0,2
789,789,0,1,male,0,0,1,0,Mr,2,0,1,3
790,790,0,3,male,0,0,2,0,Mr,2,0,1,0
791,791,0,2,male,0,0,0,0,Mr,0,0,1,2
792,792,0,3,female,8,2,0,2,Miss,1,10,0,3
793,793,0,1,male,0,0,1,0,Mr,2,0,1,2
794,794,0,3,male,0,0,0,0,Mr,1,0,1,0
795,795,0,2,male,0,0,0,0,Mr,2,0,1,1
796,796,1,1,female,0,0,0,0,Dr,3,0,1,2
797,797,1,3,female,0,0,0,1,Mrs,1,0,1,1
798,798,0,3,male,0,0,1,0,Mr,1,0,1,0
799,799,0,3,female,1,1,0,1,Mrs,1,2,0,2
800,800,0,2,male,0,0,0,0,Mr,2,0,1,1
801,801,1,2,female,1,1,0,1,Mrs,1,2,0,2
802,802,1,1,male,1,2,0,3,Master,0,3,0,3
803,803,1,3,male,0,1,1,3,Master,0,1,0,1
804,804,1,3,male,0,0,0,0,Mr,1,0,1,0
805,805,0,3,male,0,0,0,0,Mr,1,0,1,0
806,806,0,1,male,0,0,0,0,Mr,2,0,1,0
807,807,0,3,female,0,0,0,2,Miss,1,0,1,0
808,808,0,2,male,0,0,0,0,Mr,2,0,1,1
809,809,1,1,female,1,0,0,1,Mrs,2,1,0,3
810,810,0,3,male,0,0,0,0,Mr,1,0,1,0
811,811,0,3,male,0,0,0,0,Mr,2,0,1,2
812,812,0,2,male,0,0,0,0,Mr,2,0,1,1
813,813,0,3,female,4,2,0,2,Miss,0,6,0,3
814,814,0,3,male,0,0,0,0,Mr,1,0,1,1
815,815,0,1,male,0,0,0,0,Mr,2,0,1,0
816,816,0,3,female,0,0,0,2,Miss,1,0,1,1
817,817,0,2,male,1,1,1,0,Mr,1,2,0,3
818,818,0,3,male,0,0,0,0,Mr,2,0,1,0
819,819,0,3,male,3,2,0,3,Master,0,5,0,2
820,820,1,1,female,1,1,0,1,Mrs,3,2,0,3
821,821,1,3,male,0,0,0,0,Mr,1,0,1,1
822,822,0,1,male,0,0,0,4,Jonkheer,2,0,1,0
823,823,1,3,female,0,1,0,1,Mrs,1,1,0,1
824,824,0,3,male,4,1,0,3,Master,0,5,0,3
825,825,0,3,male,0,0,2,0,Mr,2,0,1,0
826,826,0,3,male,0,0,0,0,Mr,2,0,1,3
827,827,1,2,male,0,2,1,3,Master,0,2,0,3
828,828,1,3,male,0,0,2,0,Mr,2,0,1,0
829,829,1,1,female,0,0,0,1,Mrs,3,0,1,3
830,830,1,3,female,1,0,1,1,Mrs,0,1,0,2
831,831,1,2,male,1,1,0,3,Master,0,2,0,2
832,832,0,3,male,0,0,1,0,Mr,2,0,1,0
833,833,0,3,male,0,0,0,0,Mr,1,0,1,0
834,834,0,3,male,0,0,0,0,Mr,1,0,1,1
835,835,1,1,female,1,1,1,2,Miss,2,2,0,3
836,836,0,3,male,0,0,0,0,Mr,1,0,1,1
837,837,0,3,male,0,0,0,0,Mr,2,0,1,1
838,838,1,3,male,0,0,0,0,Mr,1,0,1,3
839,839,1,1,male,0,0,1,0,Mr,2,0,1,2
840,840,0,3,male,0,0,0,0,Mr,1,0,1,1
841,841,0,2,male,0,0,0,0,Mr,0,0,1,1
842,842,1,1,female,0,0,1,2,Miss,1,0,1,2
843,843,0,3,male,0,0,1,0,Mr,2,0,1,0
844,844,0,3,male,0,0,0,0,Mr,1,0,1,1
845,845,0,3,male,0,0,0,0,Mr,2,0,1,0
846,846,0,3,male,8,2,0,0,Mr,2,10,0,3
847,847,0,3,male,0,0,1,0,Mr,2,0,1,0
848,848,0,2,male,0,1,0,4,Rev,1,1,0,3
849,849,1,1,female,1,0,1,1,Mrs,2,1,0,3
850,850,0,3,male,4,2,0,3,Master,0,6,0,3
851,851,0,3,male,0,0,0,0,Mr,4,0,1,0
852,852,0,3,female,1,1,1,2,Miss,0,2,0,2
853,853,1,1,female,0,1,0,2,Miss,0,1,0,3
854,854,0,2,female,1,0,0,1,Mrs,2,1,0,2
855,855,1,3,female,0,1,0,1,Mrs,1,1,0,1
856,856,1,1,female,1,1,0,1,Mrs,2,2,0,3
857,857,1,1,male,0,0,0,0,Mr,3,0,1,2
858,858,1,3,female,0,3,1,1,Mrs,1,3,0,2
859,859,0,3,male,0,0,1,0,Mr,2,0,1,0
860,860,0,3,male,2,0,0,0,Mr,2,2,0,1
861,861,0,2,male,1,0,0,0,Mr,1,1,0,1
862,862,1,1,female,0,0,0,1,Mrs,2,0,1,2
863,863,0,3,female,8,2,0,2,Miss,1,10,0,3
864,864,0,2,male,0,0,0,0,Mr,1,0,1,1
865,865,1,2,female,0,0,0,1,Mrs,2,0,1,1
866,866,1,2,female,1,0,1,2,Miss,1,1,0,1
867,867,0,1,male,0,0,0,0,Mr,1,0,1,3
868,868,0,3,male,0,0,0,0,Mr,2,0,1,1
869,869,1,3,male,1,1,0,3,Master,0,2,0,1
870,870,0,3,male,0,0,0,0,Mr,1,0,1,0
871,871,1,1,female,1,1,0,1,Mrs,2,2,0,3
872,872,0,1,male,0,0,0,0,Mr,2,0,1,0
873,873,0,3,male,0,0,0,0,Mr,2,0,1,1
874,874,1,2,female,1,0,1,1,Mrs,1,1,0,2
875,875,1,3,female,0,0,1,2,Miss,0,0,1,0
876,876,0,3,male,0,0,0,0,Mr,1,0,1,1
877,877,0,3,male,0,0,0,0,Mr,1,0,1,0
878,878,0,3,male,0,0,0,0,Mr,2,0,1,0
879,879,1,1,female,0,1,1,1,Mrs,3,1,0,3
880,880,1,2,female,0,1,0,1,Mrs,1,1,0,2
881,881,0,3,male,0,0,0,0,Mr,2,0,1,0
882,882,0,3,female,0,0,0,2,Miss,1,0,1,1
883,883,0,2,male,0,0,0,0,Mr,1,0,1,1
884,884,0,3,male,0,0,0,0,Mr,1,0,1,0
885,885,0,3,female,0,5,2,1,Mrs,2,5,0,2
886,886,0,2,male,0,0,0,4,Rev,1,0,1,1
887,887,1,1,female,0,0,0,2,Miss,1,0,1,2
888,888,0,3,female,1,2,0,2,Miss,1,3,0,2
889,889,1,1,male,0,0,1,0,Mr,1,0,1,2
890,890,0,3,male,0,0,2,0,Mr,1,0,1,0
